m,pct_to_1,pct_to_minus1,pct_no_converge,transition_point,dist_to_1,dist_to_minus1,ratio_dist,max_iterations,time_seconds
2,68.45169067382812,31.548309326171875,0.0,-0.33331666583329167,1.3333166658332916,0.6666833341667083,1.999924998124953,39,3.495408773422241
3,79.72583770751953,20.27416229248047,0.0,-0.5000250012500626,1.5000250012500627,0.49997499874993745,3.000200020002001,58,6.1784727573394775
4,85.18657684326172,14.813423156738281,0.0,-0.600030001500075,1.600030001500075,0.399969998499925,4.00037504688086,76,10.012725591659546
5,88.232421875,11.767387390136719,0.00019073486328125,-0.6666333316665833,1.6666333316665833,0.33336666833341666,4.9994000299985,100,13.788134813308716
6,90.1458740234375,9.852027893066406,0.00209808349609375,-0.7143357167858393,1.7143357167858393,0.2856642832141607,6.0012252756870295,100,16.896488189697266
7,91.10450744628906,8.529853820800781,0.36563873291015625,-0.7500375018750938,1.7500375018750938,0.24996249812490623,7.00120024004801,100,21.224448442459106
8,5.003166198730469,7.508087158203125,87.4887466430664,-0.7777388869443472,1.7777388869443471,0.22226111305565277,7.998425196850394,100,21.702258348464966
9,0.21343231201171875,6.750679016113281,93.035888671875,-0.8000400020001001,1.8000400020001002,0.19995999799989994,9.002000500125035,100,21.83241558074951
10,0.0179290771484375,6.134796142578125,93.84727478027344,-0.8181409070453523,1.8181409070453523,0.18185909295464775,9.997525433049216,100,23.53909182548523
11,0.00247955322265625,5.612373352050781,94.38514709472656,-0.8333416670833542,1.8333416670833542,0.16665833291664578,11.000600060006004,100,22.48047137260437
12,0.00057220458984375,5.194854736328125,94.80457305908203,-0.8461423071153558,1.8461423071153558,0.15385769288464424,11.99902502437439,100,24.236896514892578
13,0.00019073486328125,4.826927185058594,95.17288208007812,-0.8571428571428571,1.8571428571428572,0.1428571428571429,12.999999999999996,100,23.404232263565063
14,0.0,4.512596130371094,95.4874038696289,-0.8666433321666084,1.8666433321666083,0.13335666783339162,13.997375328083994,100,21.617249250411987
15,0.0,4.2453765869140625,95.75462341308594,-0.8750437521876094,1.8750437521876093,0.12495624781239056,15.005602240896366,100,25.14232873916626
16,0.0,3.997039794921875,96.00296020507812,-0.8823441172058603,1.8823441172058604,0.11765588279413974,15.9987250318742,100,26.781352043151855
17,0.0,3.7883758544921875,96.21162414550781,-0.8888444422221111,1.8888444422221111,0.11115555777788888,16.99280251911831,100,24.694751262664795
18,0.0,3.5953521728515625,96.40464782714844,-0.8947447372368619,1.894744737236862,0.10525526276313812,18.001425178147276,100,25.22315740585327
19,0.0,3.4214019775390625,96.57859802246094,-0.9000450022501125,1.9000450022501125,0.09995499774988748,19.00900450225113,100,26.75864553451538
20,0.0,3.2670974731445312,96.73290252685547,-0.9047452372618631,1.9047452372618632,0.09525476273813693,19.996325459317582,100,24.044317722320557
21,0.0,3.12042236328125,96.87957763671875,-0.9090454522726137,1.9090454522726137,0.09095454772738631,20.989004947773516,100,23.62642526626587
22,0.0,2.996063232421875,97.00393676757812,-0.9130456522826141,1.913045652282614,0.08695434771738586,22.000575043128237,100,27.71614170074463
23,0.0,2.8749465942382812,97.12505340576172,-0.9166458322916146,1.9166458322916147,0.08335416770838544,22.994001199760042,100,27.507742881774902
24,0.0,2.7620315551757812,97.23796844482422,-0.920046002300115,1.920046002300115,0.07995399769988498,24.01438398999375,100,26.447091579437256
25,0.0,2.6645660400390625,97.33543395996094,-0.9230461523076154,1.9230461523076154,0.07695384769238456,24.989603638726468,100,26.392282962799072
26,0.0,2.567291259765625,97.43270874023438,-0.9259462973148658,1.9259462973148658,0.07405370268513423,26.007427413909532,100,25.75123620033264
27,0.0,2.4797439575195312,97.52025604248047,-0.928546427321366,1.9285464273213662,0.07145357267863395,26.99020293911826,100,23.46911644935608
28,0.0,2.3975372314453125,97.60246276855469,-0.9310465523276164,1.9310465523276164,0.06895344767238365,28.005076142131966,100,26.433471202850342
29,0.0,2.3225784301757812,97.67742156982422,-0.9333466673333667,1.9333466673333666,0.06665333266663331,29.0060015003751,100,26.661830186843872
30,0.0,2.252197265625,97.747802734375,-0.935446772338617,1.9354467723386168,0.06455322766138305,29.98218435321457,100,27.997827768325806
31,0.0,2.1823883056640625,97.81761169433594,-0.9375468773438672,1.937546877343867,0.06245312265613279,31.024019215372306,100,28.8852961063385
32,0.0,2.1198272705078125,97.88017272949219,-0.9394469723486174,1.9394469723486174,0.060553027651382596,32.02890173410403,100,27.260960578918457
33,0.0,2.0603179931640625,97.93968200683594,-0.9411470573528676,1.9411470573528677,0.05885294264713237,32.983007646559045,100,27.51971983909607
34,0.0,2.004241943359375,97.99575805664062,-0.9428471423571179,1.9428471423571179,0.05715285764288214,33.99387576552931,100,26.581852436065674
35,0.0,1.949310302734375,98.05068969726562,-0.944447222361118,1.944447222361118,0.055552777638882,35.001800180017966,100,26.946916580200195
36,0.0,1.89971923828125,98.10028076171875,-0.9459472973648683,1.9459472973648682,0.05405270263513173,36.000925069380216,100,28.691459894180298
37,0.0,1.8514633178710938,98.1485366821289,-0.9473473673683684,1.9473473673683683,0.05265263263163156,36.98480531813867,100,27.56027126312256
38,0.0,1.8070220947265625,98.19297790527344,-0.9487474373718686,1.9487474373718685,0.05125256262813138,38.02243902439026,100,27.279625415802002
39,0.0,1.7633438110351562,98.23665618896484,-0.9500475023751187,1.9500475023751187,0.0499524976248813,39.038038038037996,100,26.244560956954956
40,0.0,1.7223358154296875,98.27766418457031,-0.9512475623781189,1.951247562378119,0.048752437621881084,40.02358974358975,100,27.677003145217896
41,0.0,1.6839981079101562,98.31600189208984,-0.952347617380869,1.9523476173808691,0.04765238261913096,40.970619097586564,100,27.136613607406616
42,0.0,1.6447067260742188,98.35529327392578,-0.9535476773838691,1.9535476773838691,0.04645232261613086,42.054897739504796,100,30.54621458053589
43,0.0,1.610565185546875,98.38943481445312,-0.9545477273863693,1.9545477273863692,0.04545227261363072,43.00220022002196,100,29.34291696548462
44,0.0,1.57470703125,98.42529296875,-0.9555477773888694,1.9555477773888694,0.044452222611130576,43.99212598425195,100,27.059849739074707
45,0.0,1.54266357421875,98.45733642578125,-0.9565478273913696,1.9565478273913697,0.043452172608630435,45.02761795166858,100,26.89278769493103
46,0.0,1.5104293823242188,98.48957061767578,-0.9574478723936197,1.9574478723936197,0.042552127606380274,46.00117508813166,100,28.50408625602722
47,0.0,1.4804840087890625,98.51951599121094,-0.9583479173958698,1.9583479173958698,0.041652082604130225,47.016806722689054,100,27.914432764053345
48,0.0,1.4532089233398438,98.54679107666016,-0.9592479623981199,1.9592479623981198,0.040752037601880065,48.077300613496966,100,26.309691190719604
49,0.0,1.424407958984375,98.57559204101562,-0.96004800240012,1.9600480024001201,0.039951997599879996,49.06007509386733,100,25.67551565170288
50,0.0,1.3959884643554688,98.60401153564453,-0.9608480424021201,1.96084804240212,0.03915195759787993,50.08301404853125,100,26.88602924346924
51,0.0,1.3704299926757812,98.62957000732422,-0.9615480774038702,1.96154807740387,0.03845192259612984,51.0130039011703,100,26.09117031097412
52,0.0,1.3452529907226562,98.65474700927734,-0.9622481124056202,1.9622481124056201,0.03775188759437975,51.97748344370856,100,26.671543836593628
53,0.0,1.3223648071289062,98.6776351928711,-0.9629481474073703,1.9629481474073702,0.037051852592629664,52.97840755735488,100,28.60750126838684
54,0.0,1.2989044189453125,98.70109558105469,-0.9636481824091204,1.9636481824091203,0.036351817590879576,54.01788170563956,100,28.167036533355713
55,0.0,1.276397705078125,98.72360229492188,-0.9643482174108705,1.9643482174108704,0.03565178258912949,55.09817671809251,100,27.803797006607056
56,0.0,1.2556076049804688,98.74439239501953,-0.9649482474123706,1.9649482474123707,0.03505175258762938,56.05848787446505,100,29.15574550628662
57,0.0,1.2331008911132812,98.76689910888672,-0.9655482774138707,1.9655482774138706,0.034451722586129274,57.05224963715535,100,28.08837366104126
58,0.0,1.213836669921875,98.78616333007812,-0.9661483074153707,1.9661483074153707,0.03385169258462928,58.08124076809445,100,27.327951908111572
59,0.0,1.19476318359375,98.80523681640625,-0.9666483324166208,1.9666483324166208,0.03335166758337915,58.96701649175415,100,26.702264547348022
60,0.0,1.1735916137695312,98.82640838623047,-0.967248362418121,1.967248362418121,0.032751637581879045,60.06564885496192,100,28.758142709732056
61,0.0,1.1566162109375,98.8433837890625,-0.967748387419371,1.967748387419371,0.03225161258062903,61.0124031007752,100,28.685367345809937
62,0.0,1.139068603515625,98.86093139648438,-0.968248412420621,1.968248412420621,0.031751587579379015,61.98897637795267,100,28.530359029769897
63,0.0,1.123809814453125,98.87619018554688,-0.9687484374218711,1.9687484374218711,0.03125156257812889,62.996800000000036,100,30.77237319946289
64,0.0,1.1051177978515625,98.89488220214844,-0.9692484624231211,1.969248462423121,0.030751537576878873,64.03739837398368,100,29.176134824752808
65,0.0,1.090240478515625,98.90975952148438,-0.9697484874243713,1.9697484874243711,0.030251512575628747,65.11239669421495,100,26.246572494506836
66,0.0,1.0730743408203125,98.92692565917969,-0.9701485074253713,1.9701485074253713,0.029851492574628713,65.99832495812399,100,26.64119839668274
67,0.0,1.0585784912109375,98.94142150878906,-0.9706485324266213,1.9706485324266212,0.029351467573378698,67.13969335604763,100,28.618999481201172
68,0.0,1.0433197021484375,98.95668029785156,-0.9710485524276213,1.9710485524276213,0.028951447572378664,68.08117443868728,100,27.211766719818115
69,0.0,1.0297775268554688,98.97022247314453,-0.9714485724286215,1.9714485724286215,0.028551427571378518,69.04903677758331,100,31.280398845672607
70,0.0,1.0160446166992188,98.98395538330078,-0.9718485924296215,1.9718485924296214,0.028151407570378484,70.0444049733571,100,28.44872808456421
71,0.0,1.003265380859375,98.99673461914062,-0.9722486124306216,1.9722486124306216,0.02775138756937845,71.06846846846852,100,28.722562074661255
72,0.0,0.9891510009765625,99.01084899902344,-0.9726486324316216,1.9726486324316217,0.027351367568378415,72.12248628884828,100,30.3223397731781
73,0.0,0.9763717651367188,99.02362823486328,-0.9730486524326216,1.9730486524326216,0.02695134756737838,73.20779220779218,100,30.551471948623657
74,0.0,0.9637832641601562,99.03621673583984,-0.9733486674333717,1.9733486674333718,0.026651332566628327,74.04315196998125,100,28.3731427192688
75,0.0,0.9502410888671875,99.04975891113281,-0.9737486874343717,1.9737486874343717,0.026251312565628293,75.18666666666664,100,31.117440700531006
76,0.0,0.9382247924804688,99.06177520751953,-0.9740487024351218,1.9740487024351219,0.02595129756487824,76.06743737957612,100,29.88757038116455
77,0.0,0.926971435546875,99.07302856445312,-0.9743487174358718,1.9743487174358718,0.025651282564128186,76.9688109161794,100,31.227884769439697
78,0.0,0.9153366088867188,99.08466339111328,-0.9747487374368718,1.974748737436872,0.025251262563128152,78.20396039603962,100,27.898250579833984
79,0.0,0.9044647216796875,99.09553527832031,-0.9750487524376219,1.975048752437622,0.0249512475623781,79.15631262525056,100,30.9767427444458
80,0.0,0.8953094482421875,99.10469055175781,-0.975348767438372,1.9753487674383718,0.024651232561628045,80.13184584178511,100,29.07128119468689
81,0.0,0.8825302124023438,99.11746978759766,-0.975648782439122,1.975648782439122,0.02435121756087799,81.13141683778252,100,29.06907367706299
82,0.0,0.875091552734375,99.12490844726562,-0.975948797439872,1.975948797439872,0.02405120256012805,82.155925155925,100,28.716465711593628
83,0.0,0.862884521484375,99.13711547851562,-0.976248812440622,1.976248812440622,0.023751187559377995,83.20631578947359,100,29.148786306381226
84,0.0,0.8520126342773438,99.14798736572266,-0.9765488274413721,1.976548827441372,0.023451172558627942,84.2835820895522,100,27.516850233078003
85,0.0,0.841522216796875,99.15847778320312,-0.9767488374418721,1.976748837441872,0.02325116255812787,85.0172043010754,100,30.01879119873047
86,0.0,0.8335113525390625,99.16648864746094,-0.9770488524426222,1.9770488524426222,0.022951147557377816,86.14161220043593,100,30.358635902404785
87,0.0,0.8251190185546875,99.17488098144531,-0.9773488674433721,1.9773488674433721,0.022651132556627873,87.29580573951418,100,28.673604249954224
88,0.0,0.8152008056640625,99.18479919433594,-0.9775488774438722,1.9775488774438723,0.0224511225561278,88.08240534521161,100,29.554965257644653
89,0.0,0.8058547973632812,99.19414520263672,-0.9778488924446223,1.9778488924446223,0.022151107555377747,89.28893905191883,100,27.19801902770996
90,0.0,0.797271728515625,99.20272827148438,-0.9780489024451222,1.9780489024451222,0.021951097554877785,90.11161731207272,100,31.952903509140015
91,0.0,0.789642333984375,99.21035766601562,-0.9782489124456223,1.9782489124456224,0.021751087554377713,90.94942528735635,100,29.22636342048645
92,0.0,0.77972412109375,99.22027587890625,-0.9785489274463723,1.9785489274463723,0.02145107255362766,92.23543123543134,100,29.789605617523193
93,0.0,0.7732391357421875,99.22676086425781,-0.9787489374468723,1.9787489374468723,0.021251062553127698,93.1129411764704,100,30.542267322540283
94,0.0,0.7650375366210938,99.2349624633789,-0.9789489474473724,1.9789489474473725,0.021051052552627625,94.00712589073638,100,31.181568384170532
95,0.0,0.7585525512695312,99.24144744873047,-0.9792489624481224,1.9792489624481224,0.02075103755187757,95.38072289156636,100,28.980175256729126
96,0.0,0.749969482421875,99.25003051757812,-0.9794489724486224,1.9794489724486224,0.02055102755137761,96.31873479318716,100,31.876952171325684
97,0.0,0.7419586181640625,99.25804138183594,-0.9796489824491225,1.9796489824491226,0.020351017550877537,97.27518427518432,100,28.0541570186615
98,0.0,0.7349014282226562,99.26509857177734,-0.9798489924496225,1.9798489924496225,0.020151007550377464,98.25062034739481,100,28.300236701965332
99,0.0,0.7272720336914062,99.2727279663086,-0.9800490024501225,1.9800490024501225,0.019950997549877503,99.24561403508767,100,29.111440658569336
100,0.0,0.7204055786132812,99.27959442138672,-0.9802490124506226,1.9802490124506225,0.01975098754937743,100.26075949367107,100,30.781908750534058
